"SNP","exposure","outcome","effect_allele.exposure","other_allele.exposure","effect_allele.outcome","other_allele.outcome","eaf.exposure","eaf.outcome","beta.exposure","se.exposure","beta.outcome","se.outcome","meta_Fstat"
"rs10184580","Insomnia","CKD","C","G","C","G",0.0505798,0.0434153733125172,0.08424282249791,0.0184224840665761,-0.0818318503466561,0.0519668140578712,20.9107417833058
"rs117348059","Insomnia","CKD","G","T","G","T",0.0146511,0.0150585757535869,-0.158159053006023,0.0351305603267999,-0.0811587522591065,0.089050811785336,20.2683296099653
"rs11951138","Insomnia","CKD","G","A","G","A",0.050806,0.0560903482831545,-0.0817592024582293,0.0181432189663068,0.0151598334836017,0.0440059343032942,20.306945756498
"rs12487067","Insomnia","CKD","A","G","A","G",0.0694882,0.0721913637121471,0.0695487090634483,0.0148677876870844,0.0403201337099443,0.0395461008177812,21.8819209588905
"rs12900283","Insomnia","CKD","T","G","T","G",0.265626,0.265887711046369,0.044162577192689,0.00858669682935634,-0.0153305535989274,0.0234851650587343,26.4518809876384
"rs13248175","Insomnia","CKD","A","G","A","G",0.0930428,0.0933010995182478,0.0574658745513743,0.0130090240442641,0.0651558247657412,0.0347136689100866,19.5132949062694
"rs148831634","Insomnia","CKD","A","G","A","G",0.03212,0.038513863410952,0.0987467825937008,0.0221590023225806,-0.0275396007822367,0.0538378150489129,19.8584570686545
"rs2165048","Insomnia","CKD","A","G","A","G",0.132378,0.143255887438668,-0.0622509067929936,0.012477744349968,-0.00235682025735564,0.029514090205334,24.8896733750301
"rs2399140","Insomnia","CKD","G","A","G","A",0.419173,0.442299423476864,0.0382018644315845,0.00799779332718495,-0.0323881674664865,0.0207872795758868,22.8154355339573
"rs283256","Insomnia","CKD","G","A","G","A",0.301306,0.303375716253806,-0.0392049048589951,0.00874528474049307,-0.0121263441662,0.0224160091785876,20.0970771528869
"rs28721512","Insomnia","CKD","G","T","G","T",0.190363,0.194699259416371,0.0444432755782432,0.00988470743005402,0.0102609048712359,0.0260698947071163,20.215499703581
"rs303753","Insomnia","CKD","A","G","A","G",0.331235,0.344649799471693,-0.0373275660067934,0.00820129715316929,0.0223703846012503,0.0216202380840441,20.7154441259661
"rs35449613","Insomnia","CKD","T","C","T","C",0.0571844,0.0622082207167679,0.077657499509382,0.0171135289634557,-0.0606526916993343,0.0439258103457244,20.5914844767615
"rs401826","Insomnia","CKD","T","C","T","C",0.264895,0.269681999262912,0.0404301202286508,0.00888007946501068,-0.0026073801376164,0.0231966984417261,20.7289050059078
"rs58941960","Insomnia","CKD","T","C","T","C",0.148455,0.143544721439791,0.0591467406918681,0.0115054171215782,0.0117727604430125,0.0297686758463071,26.4275497179806
"rs60994383","Insomnia","CKD","A","C","A","C",0.228346,0.229595373693586,-0.0428757945643201,0.00913777470961133,0.0311515054393096,0.024369152540825,22.0162561773769
"rs72769523","Insomnia","CKD","G","A","G","A",0.17599,0.178819779795248,0.0445683421972959,0.00997752481421039,0.0411935626762169,0.0265105724233418,19.9529597685437
"rs73240334","Insomnia","CKD","T","C","T","C",0.228341,0.238602157143233,0.0411676489778305,0.00898926667165674,-0.0124102521700693,0.0242407583610748,20.9731471148532
"rs76585741","Insomnia","CKD","T","A","T","A",0.0424327,0.0391945993330502,0.0881339003665114,0.0199238534473216,-0.0655895232761496,0.0560741294535034,19.5676784623662
"rs77943030","Insomnia","CKD","A","G","A","G",0.134248,0.145997507766292,-0.054733790747575,0.0120923567151288,-0.0265516839381824,0.0295094971046749,20.4875088853051
"rs8178071","Insomnia","CKD","T","C","T","C",0.15451,0.164398346802854,0.0520246164505566,0.0107690319128886,0.0301713850942625,0.0275828715183489,23.3380435678227
