"SNP","effect_allele.exposure","other_allele.exposure","effect_allele.outcome","other_allele.outcome","beta.exposure","beta.outcome","eaf.exposure","eaf.outcome","remove","palindromic","ambiguous","id.outcome","se.outcome","outcome","se.exposure","exposure","id.exposure","action","SNP_index","mr_keep","samplesize.outcome"
"rs10782429","G","T","G","T",0.0332413337798019,-0.00758882271681984,0.426587,0.428084996336365,FALSE,FALSE,FALSE,2,0.026546268429218,"CAD",0.00777681,"Sleepiness",1,2,1,TRUE,NA
"rs1079208","G","A","G","A",0.0391630191813239,0.0621623229674607,0.311793,0.323836820895201,FALSE,FALSE,FALSE,2,0.0276707204449338,"CAD",0.00848663,"Sleepiness",1,2,1,TRUE,NA
"rs11068847","C","G","C","G",0.124754235833472,0.0379392231075886,0.0209648,0.0208640535246605,FALSE,TRUE,FALSE,2,0.089611150502615,"CAD",0.0274765,"Sleepiness",1,2,1,TRUE,NA
"rs1120805","G","A","G","A",-0.043988460820757,0.0132069951424349,0.187915,0.185037927764848,FALSE,FALSE,FALSE,2,0.0337035154138742,"CAD",0.00992817,"Sleepiness",1,2,1,TRUE,NA
"rs11251508","T","C","T","C",-0.0339518977706109,0.0353363069761889,0.413831,0.409427863376791,FALSE,FALSE,FALSE,2,0.0264965425641529,"CAD",0.00778096,"Sleepiness",1,2,1,TRUE,NA
"rs116931670","G","T","G","T",-0.0816060123310791,-0.0507633737804716,0.0614012,0.0740206007843813,FALSE,FALSE,FALSE,2,0.0502017706882146,"CAD",0.0170103,"Sleepiness",1,2,1,TRUE,NA
"rs117061470","T","G","T","G",0.114051638199287,0.0345701913662771,0.0246863,0.0273025039865535,FALSE,FALSE,FALSE,2,0.0790328783247966,"CAD",0.0262104,"Sleepiness",1,2,1,TRUE,NA
"rs117312222","T","C","T","C",0.078321226775196,-0.036095544625229,0.0561682,0.053395966212722,FALSE,FALSE,FALSE,2,0.0596144207514956,"CAD",0.0163324,"Sleepiness",1,2,1,TRUE,NA
"rs117315629","T","G","T","G",0.129860914654397,-0.180725347248061,0.0199564,0.0216969071151104,FALSE,FALSE,FALSE,2,0.103740758343502,"CAD",0.0288176,"Sleepiness",1,2,1,TRUE,NA
"rs11759410","T","C","T","C",-0.0768356889930365,0.0401638318073531,0.0569229,0.0554968970867092,FALSE,FALSE,FALSE,2,0.0561201873227083,"CAD",0.0167391,"Sleepiness",1,2,1,TRUE,NA
"rs11883812","C","T","C","T",0.0620917803069849,-0.00598766337490681,0.0864514,0.0886688360666336,FALSE,FALSE,FALSE,2,0.0457161193754364,"CAD",0.0132316,"Sleepiness",1,2,1,TRUE,NA
"rs12215640","G","T","G","T",0.0766091273698901,-0.0227851351375188,0.0570201,0.0645029201956854,FALSE,FALSE,FALSE,2,0.0529579155958321,"CAD",0.017058,"Sleepiness",1,2,1,TRUE,NA
"rs12658268","C","A","C","A",-0.0437324758650054,-0.0217928573952917,0.210971,0.214535071651762,FALSE,FALSE,FALSE,2,0.0320171922867223,"CAD",0.00967513,"Sleepiness",1,2,1,TRUE,NA
"rs13174131","G","T","G","T",0.0485234619408875,0.0157600489137393,0.134828,0.14115935782782,FALSE,FALSE,FALSE,2,0.0373003978105876,"CAD",0.0112607,"Sleepiness",1,2,1,TRUE,NA
"rs186360618","T","G","T","G",0.0616593803867278,-0.0222365840618775,0.100042,0.111341032697016,FALSE,FALSE,FALSE,2,0.0424594767694457,"CAD",0.0138933,"Sleepiness",1,2,1,TRUE,NA
"rs2356864","A","G","A","G",-0.034256097278167,-0.0711426006311804,0.50295,0.510915007326955,FALSE,FALSE,FALSE,2,0.026225262900969,"CAD",0.00777586,"Sleepiness",1,2,1,TRUE,NA
"rs2837994","A","G","A","G",0.0507311364063576,-0.0253269097145489,0.116903,0.116278067491273,FALSE,FALSE,FALSE,2,0.0410831117534971,"CAD",0.0117499,"Sleepiness",1,2,1,TRUE,NA
"rs28855509","C","T","C","T",0.0407291902140688,-0.00260635961874217,0.229202,0.406658535655753,FALSE,FALSE,FALSE,2,0.0426087514097434,"CAD",0.00925215,"Sleepiness",1,2,1,TRUE,NA
"rs3025653","A","G","A","G",0.0831271765738819,0.0623801720226118,0.0529491,0.0493373558883741,FALSE,FALSE,FALSE,2,0.0591982275946286,"CAD",0.0168777,"Sleepiness",1,2,1,TRUE,NA
"rs34837036","T","C","T","C",-0.0488216146639937,0.018462190627812,0.177088,0.17713540768833,FALSE,FALSE,FALSE,2,0.0340267074356025,"CAD",0.0107918,"Sleepiness",1,2,1,TRUE,NA
"rs429358","C","T","C","T",-0.0550772867702816,0.0269558122290234,0.145282,0.137092429368791,FALSE,FALSE,FALSE,2,0.0376183701800986,"CAD",0.0111589,"Sleepiness",1,2,1,TRUE,NA
"rs4688059","A","G","A","G",-0.0477543008611258,0.0279115184119043,0.18027,0.185721982758621,FALSE,FALSE,FALSE,2,0.033402589616595,"CAD",0.0110402,"Sleepiness",1,2,1,TRUE,NA
"rs59569120","G","A","G","A",-0.093754790050355,0.0354307817708388,0.0345503,0.0361691124183851,FALSE,FALSE,FALSE,2,0.0688104915496961,"CAD",0.0222489,"Sleepiness",1,2,1,TRUE,NA
"rs62118281","A","G","A","G",-0.120202334801958,-0.064415230570019,0.0208648,0.0235134377896075,FALSE,FALSE,FALSE,2,0.0890643902136508,"CAD",0.0283211,"Sleepiness",1,2,1,TRUE,NA
"rs62444969","T","A","T","A",0.0412954824071715,-0.0130160578163299,0.267858,0.275439467887531,FALSE,TRUE,FALSE,2,0.0293389407719965,"CAD",0.00921614,"Sleepiness",1,2,1,TRUE,NA
"rs6461115","G","A","G","A",-0.0397694236673647,0.0361533565202137,0.238513,0.238988492867302,FALSE,FALSE,FALSE,2,0.0304113812802431,"CAD",0.00918877,"Sleepiness",1,2,1,TRUE,NA
"rs67354673","C","T","C","T",0.0491424830502266,0.0062919422552462,0.153078,0.160464164116709,FALSE,FALSE,FALSE,2,0.0354668427121009,"CAD",0.0111293,"Sleepiness",1,2,1,TRUE,NA
"rs71616678","G","A","G","A",0.0473605713598376,-0.0369065504436637,0.174157,0.163869992441421,FALSE,FALSE,FALSE,2,0.0360581498761305,"CAD",0.0105559,"Sleepiness",1,2,1,TRUE,NA
"rs72821628","T","C","T","C",-0.0418621185951383,-0.0278536922347483,0.24409,0.239186189357529,FALSE,FALSE,FALSE,2,0.0310964501198345,"CAD",0.00911522,"Sleepiness",1,2,1,TRUE,NA
"rs76027431","C","T","C","T",0.152875581520542,-0.0956586742990481,0.0152408,0.0179610395207516,FALSE,FALSE,FALSE,2,0.103872151659237,"CAD",0.0329329,"Sleepiness",1,2,1,TRUE,NA
"rs79163424","T","C","T","C",-0.0843353244507103,0.106790205456637,0.040986,0.0436464326502467,FALSE,FALSE,FALSE,2,0.0615509862309881,"CAD",0.0193951,"Sleepiness",1,2,1,TRUE,NA
"rs8084408","A","G","A","G",-0.040604309881942,0.0406462975065298,0.237433,0.225331322055813,FALSE,FALSE,FALSE,2,0.0311641619913715,"CAD",0.00913325,"Sleepiness",1,2,1,TRUE,NA
"rs9368728","A","G","A","G",0.0403642897894241,0.0144375736959252,0.280832,0.29986259841661,FALSE,FALSE,FALSE,2,0.0286944955126347,"CAD",0.00890748,"Sleepiness",1,2,1,TRUE,NA
