"SNP","beta_outcome","se_outcome","beta_exp1","beta_exp2","se_exp1","se_exp2","exp1","exp2","outcome","cond_F_stat_exp1","cond_F_stat_exp2"
"rs10782429",0.0627974985983917,0.035944015274898,-0.0021,0.0330861282598691,0.0023,0.00747491257767895,"BMI","Sleepiness","CAD",7.05077893877452,14.2092737875302
"rs117134599",0.0875797544171417,0.113311302723529,-1e-04,0.333372571770795,0.0079,0.0729343945483728,"BMI","Sleepiness","CAD",7.05077893877452,14.2092737875302
"rs117312222",0.103614229212166,0.0769113705081364,0.002,0.0802203946669969,0.0056,0.0179883356649311,"BMI","Sleepiness","CAD",7.05077893877452,14.2092737875302
"rs11903853",-0.0203623671066492,0.0511667926399688,0.0016,0.16123495841879,0.0036,0.0358975223393831,"BMI","Sleepiness","CAD",7.05077893877452,14.2092737875302
"rs13401678",-0.0112759024760668,0.0461643241346944,0.0049,0.142020922400367,0.003,0.0319052965806391,"BMI","Sleepiness","CAD",7.05077893877452,14.2092737875302
"rs2356864",-0.0152270218597048,0.0358853530248913,0.0035,-0.0346314647381597,0.0023,0.0076902276077225,"BMI","Sleepiness","CAD",7.05077893877452,14.2092737875302
"rs429358",-0.00144282345764184,0.0527482768251177,-0.0276,-0.0554340766783028,0.0036,0.0107824124730112,"BMI","Sleepiness","CAD",7.05077893877452,14.2092737875302
"rs55860148",0.0025448719176592,0.0415674039406513,-0.0175,-0.0407910380797502,0.0032,0.0088851976493029,"BMI","Sleepiness","CAD",7.05077893877452,14.2092737875302
"rs59569120",0.0654004896749821,0.0930359794758963,-0.0047,-0.0938058446572222,0.0071,0.0211860654222171,"BMI","Sleepiness","CAD",7.05077893877452,14.2092737875302
"rs62139969",0.152509466164572,0.12601090504493,-0.008,0.43709206772692,0.0099,0.0987419369572488,"BMI","Sleepiness","CAD",7.05077893877452,14.2092737875302
"rs62460510",0.028774029920501,0.0692534689313326,0.013,0.203531840623326,0.005,0.045903031686498,"BMI","Sleepiness","CAD",7.05077893877452,14.2092737875302
"rs72727877",0.0197082144904045,0.0545867623156771,0.0013,0.169198067191198,0.0042,0.0382890368182156,"BMI","Sleepiness","CAD",7.05077893877452,14.2092737875302
"rs72821631",-0.0496202085911045,0.0427380724363982,-0.01,-0.0450642558419578,0.0031,0.00989276618304621,"BMI","Sleepiness","CAD",7.05077893877452,14.2092737875302
"rs76636859",0.00396489790748874,0.0659977359846852,0.005,-0.227913231979234,0.0052,0.0482378645852143,"BMI","Sleepiness","CAD",7.05077893877452,14.2092737875302
"rs8095147",-0.0227135024517816,0.0357965880000632,-0.0032,-0.0444275356041932,0.0023,0.00904887621407717,"BMI","Sleepiness","CAD",7.05077893877452,14.2092737875302
"rs9919172",-0.00749616398063297,0.0558395505689934,-0.0045,-0.186177617047225,0.0036,0.0412515133844197,"BMI","Sleepiness","CAD",7.05077893877452,14.2092737875302
