"SNP","exposure","outcome","effect_allele.exposure","other_allele.exposure","effect_allele.outcome","other_allele.outcome","eaf.exposure","eaf.outcome","beta.exposure","se.exposure","beta.outcome","se.outcome","raw_Fstat","APM_Fstat"
"rs10814430","LongSleep","CKD","A","G","A","G",0.184859,0.185890415013913,0.309988914524315,0.069349,-0.00557915702838503,0.0403028736473932,19.9807562007428,19.1877111086395
"rs111920836","LongSleep","CKD","C","T","C","T",0.10177,0.109138704657733,0.4001577154502,0.085974,0.0432428996163885,0.0486676503997996,21.6634750744115,20.8867398960025
"rs116950478","LongSleep","CKD","G","A","G","A",0.0620738,0.0644960781411869,0.472544149389842,0.106314,0.0095573283806774,0.0638128539332867,19.7562204658496,18.9958062150021
"rs11735585","LongSleep","CKD","C","T","C","T",0.417657,0.445218459898432,0.272870419496569,0.0616961,-0.0396574304561766,0.0316593282862117,19.5612900832889,18.7409877444075
"rs138250961","LongSleep","CKD","G","C","G","C",0.0226649,0.0229384952347126,0.727862567648398,0.158689,0.226106747505628,0.0953190171986827,21.0380325901376,20.3413597478198
"rs138971980","LongSleep","CKD","G","C","G","C",0.0131425,0.0153694741671477,0.931466987723653,0.190514,-0.0781165558448445,0.134318431518706,23.9045814646123,23.2212848298488
"rs1394833","LongSleep","CKD","C","G","C","G",0.166134,0.16639038541235,0.317973615881657,0.0708095,0.0066129265842215,0.0420974591594937,20.1650412883071,19.3728316203684
"rs140045289","LongSleep","CKD","T","C","T","C",0.0127798,0.0119281940477424,0.836844846067012,0.187137,0.0125643628198306,0.1424040054255,19.9972633270021,19.302126821269
"rs145916213","LongSleep","CKD","G","C","G","C",0.0266729,0.0284972176178072,0.675090128859826,0.149385,0.0462343943583962,0.0931189102432627,20.4225295320627,19.6893258880849
"rs1777334","LongSleep","CKD","C","T","C","T",0.507294,0.52428916090644,-0.281124950772763,0.0615623,0.000895708823223051,0.0314051092392331,20.8530272583157,20.0286233686381
"rs2934126","LongSleep","CKD","T","C","T","C",0.447815,0.444645050537937,-0.270908865821506,0.0612749,0.0315101700699243,0.0315290292429049,19.5470495489391,18.7213612998295
"rs3016887","LongSleep","CKD","C","T","C","T",0.0271678,0.0275064381493651,0.666510554599453,0.149408,0.134516697425449,0.0891749821862821,19.9006085790768,19.162220981225
"rs304128","LongSleep","CKD","A","G","A","G",0.142702,0.134138941510774,0.331229948379266,0.0730405,-0.0579936409795657,0.0471111410492504,20.5651422940462,19.7801222612411
"rs61891046","LongSleep","CKD","A","G","A","G",0.157704,0.165051058161906,0.343674807151713,0.0730281,0.0331843426398978,0.0417600258539564,22.147024807521,21.3450688296026
"rs72798575","LongSleep","CKD","C","T","C","T",0.0467634,0.048362511654063,0.501593135202385,0.112087,0.000207807136210689,0.0726992586314996,20.0259292408207,19.2669836579541
"rs73168175","LongSleep","CKD","A","G","A","G",0.0798917,0.0795237601929822,0.407003923524181,0.0907653,0.0795418231303536,0.0561555195409675,20.1074731215548,19.3411423376874
